{"stats":{"minecraft:used":{"minecraft:stone_sword":18,"minecraft:bread":2,"minecraft:wooden_pickaxe":12,"minecraft:stone_axe":4,"minecraft:mutton":1,"minecraft:crafting_table":1},"minecraft:killed":{"minecraft:sheep":4,"promenade:duck":1,"minecraft:cow":4},"minecraft:mined":{"minecraft:birch_leaves":1,"treechop:chopped_log":1,"minecraft:crafting_table":1,"minecraft:grass":2,"minecraft:grass_block":3,"minecraft:dirt":2,"regions_unexplored:medium_grass":1,"minecraft:stone":10,"minecraft:sugar_cane":7,"twigs:opaline_seashell":1},"minecraft:dropped":{"minecraft:stone_sword":1,"minecraft:wooden_pickaxe":1,"bewitchment:belladonna_seeds":2},"minecraft:crafted":{"minecraft:oak_planks":24,"minecraft:crafting_table":1,"minecraft:stick":8,"minecraft:wooden_pickaxe":1,"minecraft:stone_pickaxe":1,"minecraft:stone_sword":1,"minecraft:stone_axe":1},"minecraft:picked_up":{"minecraft:crafting_table":1,"minecraft:feather":1,"promenade:duck":1,"minecraft:leather":3,"bewitchment:belladonna_seeds":2,"minecraft:oak_log":6,"minecraft:dirt":5,"croptopia:orange":4,"minecraft:beef":8,"fishofthieves:earthworms":3,"minecraft:oak_sapling":2,"twigs:twig":2,"minecraft:sugar_cane":12,"minecraft:mutton":5,"minecraft:white_wool":4,"minecraft:cobblestone":10},"minecraft:custom":{"minecraft:time_since_rest":13883,"lootr:looted_stat":8,"minecraft:sprint_one_cm":86950,"minecraft:walk_one_cm":14036,"minecraft:mob_kills":9,"minecraft:drop":4,"minecraft:damage_dealt":760,"minecraft:talked_to_villager":3,"minecraft:swim_one_cm":3650,"minecraft:interact_with_crafting_table":3,"minecraft:fly_one_cm":90650,"minecraft:crouch_one_cm":574,"minecraft:play_time":13883,"minecraft:sneak_time":288,"minecraft:walk_under_water_one_cm":225,"minecraft:jump":365,"minecraft:walk_on_water_one_cm":4167,"minecraft:time_since_death":13883,"minecraft:total_world_time":13883,"minecraft:hex":0,"minecraft:fall_one_cm":7967}},"DataVersion":3465}