{"stats":{"minecraft:killed":{"minecraft:sheep":4,"promenade:duck":1,"minecraft:cow":4},"minecraft:used":{"fishofthieves:leeches":3,"spellbladenext:arcane_claymore":3,"minecraft:stone_sword":18,"fishofthieves:battlegill":3,"minecraft:bread":2,"minecraft:stone_pickaxe":1,"minecraft:wooden_pickaxe":12,"minecraft:stone_axe":5,"minecraft:mutton":1,"minecraft:crafting_table":2,"minecraft:oak_boat":3},"minecraft:killed_by":{"graveyard:revenant":1},"minecraft:mined":{"minecraft:birch_leaves":1,"treechop:chopped_log":1,"minecraft:crafting_table":2,"minecraft:grass":2,"minecraft:grass_block":3,"minecraft:dirt":2,"regions_unexplored:medium_grass":1,"minecraft:stone":10,"fishofthieves:fish_bone":1,"minecraft:sugar_cane":8,"twigs:opaline_seashell":1},"minecraft:dropped":{"minecraft:stone_sword":1,"fishofthieves:battlegill":1,"fishofthieves:fish_bone":1,"minecraft:wooden_pickaxe":1,"bewitchment:belladonna_seeds":2},"minecraft:crafted":{"minecraft:oak_boat":1,"minecraft:oak_planks":24,"minecraft:crafting_table":1,"minecraft:stick":8,"minecraft:wooden_pickaxe":1,"minecraft:stone_pickaxe":1,"minecraft:stone_sword":1,"minecraft:stone_axe":1},"minecraft:picked_up":{"minecraft:crafting_table":2,"minecraft:feather":1,"promenade:duck":1,"minecraft:leather":3,"bewitchment:belladonna_seeds":2,"minecraft:oak_log":6,"minecraft:dirt":5,"fishofthieves:fish_bone":1,"croptopia:orange":4,"minecraft:beef":8,"minecraft:oak_boat":3,"fishofthieves:earthworms":3,"minecraft:oak_sapling":2,"twigs:twig":2,"minecraft:sugar_cane":14,"minecraft:mutton":5,"minecraft:white_wool":4,"minecraft:cobblestone":10},"minecraft:custom":{"minecraft:time_since_rest":935,"lootr:looted_stat":9,"minecraft:sprint_one_cm":113341,"minecraft:damage_taken":232,"minecraft:walk_one_cm":18651,"minecraft:mob_kills":9,"minecraft:drop":6,"minecraft:damage_dealt":826,"minecraft:talked_to_villager":3,"minecraft:swim_one_cm":9130,"minecraft:interact_with_crafting_table":4,"minecraft:fly_one_cm":119236,"minecraft:crouch_one_cm":661,"minecraft:play_time":24897,"minecraft:deaths":1,"minecraft:sneak_time":321,"minecraft:walk_under_water_one_cm":1255,"minecraft:boat_one_cm":159170,"minecraft:damage_dealt_resisted":0,"minecraft:jump":478,"minecraft:leave_game":1,"minecraft:walk_on_water_one_cm":5672,"minecraft:time_since_death":912,"minecraft:threat":1,"minecraft:total_world_time":24897,"minecraft:hex":0,"minecraft:fall_one_cm":10390}},"DataVersion":3465}