{"stats":{"minecraft:used":{"minecraft:stone_sword":31,"minecraft:bread":8,"minecraft:stone_pickaxe":56,"minecraft:wooden_pickaxe":6,"minecraft:torch":3,"minecraft:dirt":12,"minecraft:crafting_table":1,"minecraft:dandelion":1},"minecraft:killed":{"minecraft:sheep":2,"minecraft:skeleton":2,"minecraft:pig":1,"minecraft:spider":1},"minecraft:killed_by":{"minecraft:skeleton":1},"minecraft:mined":{"botania:lime_mystical_flower":1,"minecraft:brown_mushroom":6,"minecraft:iron_ore":16,"minecraft:dandelion":2,"treechop:chopped_log":1,"minecraft:torch":1,"minecraft:grass":9,"minecraft:grass_block":21,"minecraft:coal_ore":17,"minecraft:poppy":5,"minecraft:dirt":9,"minecraft:stone":27,"minecraft:red_mushroom":3,"minecraft:oak_leaves":1},"minecraft:dropped":{"minecraft:bread":2},"minecraft:crafted":{"minecraft:oak_planks":24,"minecraft:crafting_table":1,"minecraft:stick":12,"minecraft:wooden_pickaxe":1,"minecraft:stone_pickaxe":1,"minecraft:torch":14,"minecraft:stone_axe":1},"minecraft:picked_up":{"minecraft:raw_iron":16,"minecraft:brown_mushroom":7,"minecraft:torch":1,"minecraft:dandelion":2,"minecraft:red_mushroom":4,"minecraft:porkchop":1,"minecraft:oak_log":6,"minecraft:string":1,"minecraft:spider_eye":1,"minecraft:dirt":30,"minecraft:arrow":2,"minecraft:bone":3,"botania:lime_mystical_flower":1,"fishofthieves:earthworms":3,"minecraft:bread":2,"minecraft:poppy":5,"minecraft:oak_sapling":3,"twigs:twig":3,"minecraft:mutton":4,"minecraft:coal":17,"minecraft:white_wool":2,"minecraft:cobblestone":27,"minecraft:egg":2},"minecraft:custom":{"minecraft:time_since_rest":415,"minecraft:sprint_one_cm":102078,"minecraft:damage_taken":470,"minecraft:walk_one_cm":87863,"minecraft:mob_kills":6,"minecraft:drop":2,"minecraft:damage_dealt":861,"minecraft:swim_one_cm":3150,"minecraft:interact_with_crafting_table":4,"minecraft:fly_one_cm":116996,"minecraft:deaths":1,"minecraft:crouch_one_cm":2745,"minecraft:play_time":34340,"minecraft:sneak_time":585,"minecraft:walk_under_water_one_cm":775,"minecraft:damage_dealt_resisted":0,"minecraft:jump":578,"minecraft:walk_on_water_one_cm":4312,"minecraft:time_since_death":383,"minecraft:hex":0,"minecraft:total_world_time":34340,"minecraft:fall_one_cm":15709}},"DataVersion":3465}