{"stats":{"minecraft:killed":{"minecraft:pig":1,"minecraft:spider":1,"minecraft:sheep":3,"minecraft:skeleton":2,"minecraft:zombie":1},"minecraft:used":{"minecraft:stone_sword":38,"minecraft:stone_pickaxe":57,"minecraft:wooden_pickaxe":6,"minecraft:torch":7,"minecraft:dirt":14,"minecraft:crafting_table":1,"minecraft:bread":12,"minecraft:stone_axe":65,"minecraft:dandelion":1},"minecraft:killed_by":{"minecraft:skeleton":1},"minecraft:mined":{"botania:lime_mystical_flower":1,"minecraft:brown_mushroom":6,"minecraft:dandelion":2,"minecraft:carved_pumpkin":1,"minecraft:torch":2,"minecraft:grass_block":22,"minecraft:poppy":5,"minecraft:sugar_cane":2,"minecraft:red_mushroom":3,"minecraft:wall_torch":1,"minecraft:iron_ore":16,"treechop:chopped_log":5,"minecraft:grass":9,"minecraft:coal_ore":17,"minecraft:lantern":1,"minecraft:dirt":10,"minecraft:stone":27,"minecraft:oak_leaves":1},"minecraft:dropped":{"minecraft:bread":2,"minecraft:poppy":5,"minecraft:dirt":18,"minecraft:spider_eye":1,"minecraft:arrow":2,"regions_unexplored:white_magnolia_sapling":3,"twigs:twig":16,"minecraft:dandelion":1,"minecraft:bone":3},"minecraft:picked_up":{"regions_unexplored:magnolia_log":7,"minecraft:brown_mushroom":7,"minecraft:red_mushroom":4,"minecraft:oak_log":6,"minecraft:dirt":32,"minecraft:string":1,"minecraft:lantern":1,"minecraft:bone":3,"fishofthieves:earthworms":3,"minecraft:poppy":5,"twigs:twig":46,"minecraft:sugar_cane":5,"regions_unexplored:blackwood_log":134,"minecraft:egg":2,"minecraft:stick":3,"minecraft:raw_iron":16,"regions_unexplored:white_magnolia_sapling":3,"minecraft:torch":3,"minecraft:dandelion":2,"minecraft:porkchop":1,"minecraft:spider_eye":1,"minecraft:arrow":2,"minecraft:rotten_flesh":1,"botania:lime_mystical_flower":1,"regions_unexplored:blackwood_sapling":43,"minecraft:carved_pumpkin":1,"minecraft:bread":2,"minecraft:oak_sapling":3,"minecraft:mutton":6,"minecraft:coal":17,"minecraft:white_wool":3,"minecraft:cobblestone":27},"minecraft:crafted":{"minecraft:oak_planks":24,"minecraft:crafting_table":1,"minecraft:wooden_pickaxe":1,"minecraft:stone_axe":1,"minecraft:stick":12,"minecraft:stone_pickaxe":1,"minecraft:torch":14},"minecraft:custom":{"minecraft:mob_kills":8,"minecraft:interact_with_crafting_table":4,"minecraft:damage_dealt_resisted":0,"minecraft:time_since_death":12383,"minecraft:hex":0,"minecraft:time_since_rest":12415,"minecraft:sprint_one_cm":153208,"minecraft:damage_taken":695,"minecraft:walk_one_cm":121691,"minecraft:drop":10,"minecraft:damage_dealt":1152,"minecraft:swim_one_cm":9395,"minecraft:fly_one_cm":192437,"minecraft:crouch_one_cm":2853,"minecraft:play_time":46340,"minecraft:deaths":1,"minecraft:sneak_time":637,"minecraft:walk_under_water_one_cm":4124,"minecraft:jump":940,"minecraft:walk_on_water_one_cm":6752,"minecraft:total_world_time":46340,"minecraft:fall_one_cm":24620}},"DataVersion":3465}