{"stats":{"minecraft:used":{"minecraft:stone_sword":20,"minecraft:bread":3,"minecraft:stone_pickaxe":56,"minecraft:wooden_pickaxe":6,"minecraft:torch":2,"minecraft:dirt":12,"minecraft:crafting_table":1,"minecraft:dandelion":1},"minecraft:killed":{"minecraft:sheep":2,"minecraft:skeleton":1,"minecraft:pig":1,"minecraft:spider":1},"minecraft:mined":{"minecraft:iron_ore":16,"minecraft:dandelion":2,"treechop:chopped_log":1,"minecraft:torch":1,"minecraft:grass":9,"minecraft:grass_block":21,"minecraft:coal_ore":17,"minecraft:poppy":5,"minecraft:dirt":9,"minecraft:stone":27,"minecraft:oak_leaves":1},"minecraft:dropped":{"minecraft:bread":2},"minecraft:crafted":{"minecraft:oak_planks":24,"minecraft:crafting_table":1,"minecraft:stick":12,"minecraft:wooden_pickaxe":1,"minecraft:stone_pickaxe":1,"minecraft:torch":14,"minecraft:stone_axe":1},"minecraft:picked_up":{"minecraft:raw_iron":16,"minecraft:torch":1,"minecraft:dandelion":2,"minecraft:porkchop":1,"minecraft:oak_log":6,"minecraft:string":1,"minecraft:spider_eye":1,"minecraft:dirt":30,"minecraft:arrow":1,"minecraft:bone":1,"fishofthieves:earthworms":3,"minecraft:bread":2,"minecraft:poppy":5,"minecraft:oak_sapling":3,"twigs:twig":3,"minecraft:mutton":4,"minecraft:coal":17,"minecraft:white_wool":2,"minecraft:cobblestone":27,"minecraft:egg":2},"minecraft:custom":{"minecraft:time_since_rest":22340,"minecraft:sprint_one_cm":39944,"minecraft:damage_taken":45,"minecraft:walk_one_cm":61333,"minecraft:mob_kills":5,"minecraft:drop":2,"minecraft:damage_dealt":540,"minecraft:interact_with_crafting_table":4,"minecraft:fly_one_cm":21286,"minecraft:crouch_one_cm":1485,"minecraft:play_time":22340,"minecraft:sneak_time":288,"minecraft:jump":189,"minecraft:walk_on_water_one_cm":2601,"minecraft:time_since_death":22340,"minecraft:hex":0,"minecraft:total_world_time":22340,"minecraft:fall_one_cm":3110}},"DataVersion":3465}