{"stats":{"minecraft:used":{"minecraft:dirt":11},"minecraft:mined":{"minecraft:grass":1,"minecraft:grass_block":19,"minecraft:poppy":5,"minecraft:dandelion":2,"minecraft:oak_leaves":1,"minecraft:dirt":8},"minecraft:picked_up":{"fishofthieves:earthworms":3,"minecraft:poppy":5,"minecraft:dandelion":2,"minecraft:dirt":27},"minecraft:custom":{"minecraft:jump":24,"minecraft:time_since_rest":10340,"minecraft:crouch_one_cm":740,"minecraft:sprint_one_cm":7916,"minecraft:play_time":10340,"minecraft:time_since_death":10340,"minecraft:walk_one_cm":17909,"minecraft:sneak_time":153,"minecraft:total_world_time":10340,"minecraft:hex":0,"minecraft:fall_one_cm":478,"minecraft:fly_one_cm":2959}},"DataVersion":3465}